题目类型,题目内容,选项A,选项B,选项C,选项D,选项E,正确答案,分值,难度,竞赛来源,标签/分类,解析
单选,近日，空中客车公司表示，约6000架空客A320系列飞机需要紧急更换一种易受太阳辐射影响的飞行控制软件。空客表示，在对一起飞行事故分析后的结果显示，强烈的太阳辐射可能会损坏飞行控制系统所需的关键数据，导致判断失误，进而引发飞行异常。那这里的飞行控制系统执行判断的部件最可能是下面的,辐射传感器,处理器,内存单元,输出设备,,B,2,简单,GESP-2025.12,一级 计算机组成,飞行控制系统执行判断的部件是处理器
单选,"下面的C++代码在某集成开发环境中编译运行时，提示有""Invalid Character""（""无效字符""）错误。可能的原因是：
int a, b;
a=3，b = 4; // L1
cout << a; // L2
cout << b; // L3",L1行代码中的逗号很可能是中文逗号，应该改为英文逗号,L1行应该分为两行，分别是a = 3和b = 4,代码运行前没有保存到文件,L2和L3不能分为两行，应合并为一行,,A,2,简单,GESP-2025.12,一级 C++语法,中文逗号和英文逗号在代码中会引起编译错误
单选,下面有关C++变量的说法，正确的是,不可以用 for 作为变量名，因为 for 是C++的关键字（保留字）,_tnt 不可以是变量名，因为变量名的第一个字符必须是英文字母,_tnt_ 不可以用作变量名，因为最后一个字符容易与减号混淆,可以用 printf 作为变量名，因为 printf 是关键字，但这不是好习惯,,A,2,简单,GESP-2025.12,一级 C++变量,for是C++关键字，不能作为变量名
单选,"X 是C++的整型变量，则 cout << (X=3, X++, ++X); 执行后的输出是",3,4,5,不确定,,C,2,中等,GESP-2025.12,一级 C++运算符 逗号表达式,逗号表达式从左到右执行，X=3后X++返回3变成4，++X返回5
单选,C++表达式 2 + 3 * 4 % 5 的值为,0,4,14,50,,B,2,简单,GESP-2025.12,一级 C++运算符 优先级,先乘除后加减：3*4%5=12%5=2，2+2=4
单选,"下面的C++代码执行后，其输出是：
a = 3;
b = a = 4;
printf(""%d %d"", a, b);",4 4,3 3,3 4,4 3,,A,2,简单,GESP-2025.12,一级 C++赋值,赋值表达式返回被赋值的值，b=a=4后a和b都是4
单选,"下面的C++代码执行时如果先输入10回车后输入20并回车，其输出是：
int N,M;
printf(""第一个数:"");
scanf(""%d"", &N);
printf(""第二个数:"");
scanf(""%d"", &M);
printf(""%%(N+M)=%d"", N+M, int(N+M));",30=30,10+20=30,% (N+M)=30,错误提示,,D,2,中等,GESP-2025.12,一级 C++格式控制 printf,%%在printf中输出为%，输出为%(N+M)=30
单选,"某个整数很长很长，形如：1232123212321……，其规律是从1开始逐一升高到3然后逐一降低到1，然后又逐一升高到3。假设最高位编号为1，要求判断从左边最高位开始的第N位数是几？横线处应该填入的代码是：
int N, M;
cout << ""请输入编号："";
cin >> N;
M = ________________;
if (M != 0) cout << M;
else cout << 2;",N % 4,N / 4,N % 3,N / 3,,C,2,中等,GESP-2025.12,一级 数列规律 取模,"数列1,2,3,2每3位一循环，N%3==0时输出2，否则输出N%3"
单选,"下面C++代码执行后的输出是：
int i, tnt = 0;
for (i = 0; i < 100; i++)
    tnt += 1;
cout << tnt << ' ' << i;",99 99,100 99,99 100,100 100,,D,2,简单,GESP-2025.12,一级 循环结构,i从0到99共100次，tnt=100，循环结束后i=100
单选,"有关下面C++代码的说法，错误的是：
int tnt = 0;
for (int i = 1; i < 10; i += 2)
    tnt += i;
cout << tnt;",L1的 i < 10 改为 i < 11 结果相同,L1的 i = 1 改为 i = 0 结果相同,tnt += i 与 tnt = tnt + i 效果相同,tnt += i 与 tnt = i + tnt 效果相同,,B,2,中等,GESP-2025.12,一级 循环结构,i从1开始1+3+5+7+9=25，i从0开始0+2+4+6+8=20，结果不同
单选,"下面C++代码执行后输出是：
int i;
for (i = 10; i < 100; i += 10){
    if (i % 10 == 0)
        continue;
    printf(""%d#"",i);
}
if(i >= 100)
    printf(""%d END"",i);",10#20#30#40#50#60#70#80#90#100 END,100#100 END,100 END,没有输出,,C,2,中等,GESP-2025.12,一级 循环 continue,i每次+10均能被10整除，continue跳过输出，循环结束i=100
单选,两个正整数，只要不相等，就一直进行如下操作：最大数减去最小数得到一个值，该值和两个数的最小数构成新的两个正整数，重复操作，直到两个数相等。横线处应该填写,（1）N = N - M （2）M = M - N,（1）M = M - N （2）N = N - M,（1）M = N - M （2）N = M - N,"（1）N, M = M, N （2）M, N = N, M",,D,2,中等,GESP-2025.12,一级 辗转相减 条件判断,N>=M时N=N-M，N<M时需先交换再相减
单选,"如果一个正整数能被3整除，或者某一位能被3整除，则称之为""漂亮数""。L1行应填入的代码是：
int N, Flag;
cin >> N;
Flag = 0;
if (N % 3 == 0)
    Flag = 1;
else
    while (N != 0){
        if (_______________){
            Flag = 1;
            break;
        }
        N /= 10;
    }
cout << (Flag? ""漂亮数"" : ""非漂亮数"");",N % 10 == 0,N % 3 % 10 == 0,N % 10 % 3,N % 10 % 3 == 0,,D,2,中等,GESP-2025.12,一级 数位处理 取模,N%10取个位，再%3==0判断该位能否被3整除
单选,如果正整数N的所有奇因数（即能将N整除的正奇数）的和是27的倍数，则称N是27的神秘数。横线处应填入,(N % i) && (i % 2),(N % i == 0) && (i % 2 == 0),(N % i == 0) && (i % 2),(N % i) && (i % 2 == 0),,C,2,中等,GESP-2025.12,一级 因数 循环,N%i==0判断i是N的因数，i%2判断i是奇数（非零即真）
单选,"执行下面C++代码可以找出千位与个位的和恰好等于中间两位的四位数，横线处应该填入：
int count = 0;
int a, bc, d, tmp;
for (int i = 1000; i <= 9999; i++) {
    a = (tmp = i) / 1000;
    _________________________
    bc = tmp / 10;
    d = tmp - bc * 10;
    if ( a + d == bc) {
        count++;
    }
}
cout << count;",tmp = i / 10;,tmp = i % 100;,tmp -= a * 1000;,tmp = i - i%1000;,,C,2,中等,GESP-2025.12,一级 数位处理,a已取千位，tmp需去掉千位：tmp -= a*1000，再取bc=tmp/10
判断,鸿蒙是华为公司开发的一款操作系统，那么它能够将正确的源程序翻译成目标程序并运行。,A,,,,,B,2,简单,GESP-2025.12,一级 操作系统,操作系统不负责编译程序，编译需要编译器
判断,C++表达式 10 * 4 % 6 和 10 * 2 % 3 的结果相同。,B,,,,,B,2,简单,GESP-2025.12,一级 C++运算符,10*4%6=40%6=4，10*2%3=20%3=2，结果不同
判断,"下面C++代码执行后将输出 0：
int i;
for (i = 0; i < 10; i++)
    if (i % 3 == 0)
        continue;
    else
        break;
cout << i;",A,,,,,A,2,简单,GESP-2025.12,一级 循环 continue break,i=0时continue，i=1时1%3!=0执行break，输出i=1，题目说输出0是错的
判断,"下面C++代码中的 i > -10; i-- 改为 i < 10; i++ 执行结果相同：
int tnt = 0;
for (int i = 0; i > -10; i--){
    if (i < 0)
        i = -i;
    tnt += i;
}
cout << tnt;",A,,,,,A,2,简单,GESP-2025.12,一级 循环结构,两种写法均遍历0到9，结果相同
判断,"下面C++代码执行后将输出99，因为i<100不包括100，而是到99：
int cnt = 0;
for (int i = 0; i < 100; i++)
    cnt += 1;
cout << cnt;",B,,,,,B,2,简单,GESP-2025.12,一级 循环结构,i从0到99共100次，cnt=100，不是99
判断,"下面的C++代码能用于判断输入的正整数是否为对称数：
int n, new_number;
cin >> n;
new_number = 0;
while (n != 0){
    new_number = new_number * 10 + n % 10;
    n /= 10;
}
if (n == new_number)
    cout << ""对称数"";
else
    cout << ""非对称数"";",B,,,,,B,2,中等,GESP-2025.12,一级 回文数,while结束后n已变为0，应在循环前保存原值再比较
判断,"下面C++代码执行后将输出0：
int tnt = 0;
for (int i = -100; i < 100; i++)
    tnt += i;
cout << tnt;",B,,,,,B,2,简单,GESP-2025.12,一级 循环 求和,-100到99的和为-100，不为0
判断,"某同学执行C++代码时 printf(""%g\n"", (3 + 3.1415926535)); 输出6.14159而不是6.1415926535，表明该同学的计算机存在故障需要重新安装C++软件。",B,,,,,B,2,简单,GESP-2025.12,一级 printf格式化,%g默认6位有效数字，输出6.14159是正常行为，不是故障
判断,如果 x 是C++代码中的 double 型变量，则对 cout << ( x? 1227 : 12.27); 编译时将报错，因为1227和12.12分别是int和double类型，导致识别混乱。,B,,,,,B,2,简单,GESP-2025.12,一级 C++三目运算符,三目运算符会自动类型转换为double，不报错
判断,在C++代码中，不可以将变量命名为keyword，因为它是C++语言的关键字。,B,,,,,B,2,简单,GESP-2025.12,一级 C++关键字,keyword不是C++关键字，可以作为变量名
